﻿Name,URL,Tags,Login,Password
YouTube Premium,https://www.youtube.com/,Video,example@icloud.com,zr)k)NEBn3=gl1P!MZGw
Spotify,https://open.spotify.com,Music,example@icloud.com,"V|H,7Y59v}.ZRY""q"
Steam recovery code,https://store.steampowered.com/,Recovery code,,R11111
API token,https://www.postman.com/,Token,,"eyJ0eXAiOiJKV1QiLCJhbGciOiJIUzI1NiJ9.eyJzdWIiOiIxMjM0NTY3ODkwIiwibmFtZSI6IkpvaG4gRG9lIiwiaWF0IjoxNTE2MjM5MDIyfQ.SflKxwRJSMeKKF2QT4fwpMeJf36POk6yJV_adQssw5c
"
iCloud,https://www.icloud.com/,Services,example@icloud.com,"_:5?c^8,!IOPp9c1"
,,,,