﻿Name,URL,Tags,Login,Password,Created time,Last edited time,Time to update
YouTube Premium,https://www.youtube.com/,Video,example@icloud.com,zr)k)NEBn3=gl1P!MZGw,"February 27, 2025 9:20 PM","February 27, 2025 9:20 PM",0
Spotify,https://open.spotify.com,Music,example@icloud.com,"V|H,7Y59v}.ZRY""q","February 27, 2025 9:20 PM","February 27, 2025 9:20 PM",0
Steam recovery code,https://store.steampowered.com/,Recovery code,,R11111,"February 27, 2025 9:20 PM","February 27, 2025 9:20 PM",0
API token,https://www.postman.com/,Token,,"eyJ0eXAiOiJKV1QiLCJhbGciOiJIUzI1NiJ9.eyJzdWIiOiIxMjM0NTY3ODkwIiwibmFtZSI6IkpvaG4gRG9lIiwiaWF0IjoxNTE2MjM5MDIyfQ.SflKxwRJSMeKKF2QT4fwpMeJf36POk6yJV_adQssw5c
","February 27, 2025 9:20 PM","February 27, 2025 9:20 PM",0
iCloud,https://www.icloud.com/,Services,example@icloud.com,"_:5?c^8,!IOPp9c1","February 27, 2025 9:20 PM","February 27, 2025 9:20 PM",0
,,,,,"February 27, 2025 9:21 PM","February 27, 2025 9:21 PM",0